{
  "v": "5.5.7",
  "meta": {
    "g": "LottieFiles AE 0.1.21",
    "a": "",
    "k": "",
    "d": "",
    "tc": ""
  },
  "fr": 30,
  "ip": 0,
  "op": 615,
  "w": 1000,
  "h": 1000,
  "nm": "Paw print",
  "ddd": 0,
  "assets": [
    {
      "id": "comp_0",
      "layers": [
        {
          "ddd": 0,
          "ind": 1,
          "ty": 4,
          "nm": "Layer 1 Outlines 4",
          "parent": 2,
          "sr": 1,
          "ks": {
            "o": {
              "a": 0,
              "k": 100,
              "ix": 11
            },
            "r": {
              "a": 0,
              "k": 0,
              "ix": 10
            },
            "p": {
              "a": 0,
              "k": [
                128.35,
                35.958,
                0
              ],
              "ix": 2
            },
            "a": {
              "a": 0,
              "k": [
                128.35,
                35.958,
                0
              ],
              "ix": 1
            },
            "s": {
              "a": 0,
              "k": [
                100,
                100,
                100
              ],
              "ix": 6
            }
          },
          "ao": 0,
          "shapes": [
            {
              "ty": "gr",
              "it": [
                {
                  "ind": 0,
                  "ty": "sh",
                  "ix": 1,
                  "ks": {
                    "a": 0,
                    "k": {
                      "i": [
                        [
                          2.86,
                          -3.673
                        ],
                        [
                          -2.622,
                          -6.543
                        ],
                        [
                          -4.105,
                          4.581
                        ],
                        [
                          2.72,
                          6.891
                        ]
                      ],
                      "o": [
                        [
                          -3.18,
                          4.085
                        ],
                        [
                          2.13,
                          5.318
                        ],
                        [
                          2.218,
                          -2.476
                        ],
                        [
                          -2.72,
                          -6.891
                        ]
                      ],
                      "v": [
                        [
                          -3.619,
                          -8.643
                        ],
                        [
                          -7.77,
                          7.879
                        ],
                        [
                          4.917,
                          10.369
                        ],
                        [
                          7.673,
                          -8.059
                        ]
                      ],
                      "c": true
                    },
                    "ix": 2
                  },
                  "nm": "Path 1",
                  "mn": "ADBE Vector Shape - Group",
                  "hd": false
                },
                {
                  "ty": "tr",
                  "p": {
                    "a": 0,
                    "k": [
                      141.398,
                      15.951
                    ],
                    "ix": 2
                  },
                  "a": {
                    "a": 0,
                    "k": [
                      0,
                      0
                    ],
                    "ix": 1
                  },
                  "s": {
                    "a": 0,
                    "k": [
                      100,
                      100
                    ],
                    "ix": 3
                  },
                  "r": {
                    "a": 0,
                    "k": 0,
                    "ix": 6
                  },
                  "o": {
                    "a": 0,
                    "k": 100,
                    "ix": 7
                  },
                  "sk": {
                    "a": 0,
                    "k": 0,
                    "ix": 4
                  },
                  "sa": {
                    "a": 0,
                    "k": 0,
                    "ix": 5
                  },
                  "nm": "Transform"
                }
              ],
              "nm": "Group 1",
              "np": 1,
              "cix": 2,
              "bm": 0,
              "ix": 1,
              "mn": "ADBE Vector Group",
              "hd": false
            },
            {
              "ty": "gr",
              "it": [
                {
                  "ind": 0,
                  "ty": "sh",
                  "ix": 1,
                  "ks": {
                    "a": 0,
                    "k": {
                      "i": [
                        [
                          4.067,
                          -2.264
                        ],
                        [
                          0.143,
                          -7.048
                        ],
                        [
                          -5.568,
                          2.612
                        ],
                        [
                          -0.188,
                          7.405
                        ]
                      ],
                      "o": [
                        [
                          -4.522,
                          2.517
                        ],
                        [
                          -0.118,
                          5.726
                        ],
                        [
                          3.01,
                          -1.412
                        ],
                        [
                          0.189,
                          -7.407
                        ]
                      ],
                      "v": [
                        [
                          0.02,
                          -10.496
                        ],
                        [
                          -10.257,
                          3.091
                        ],
                        [
                          0.449,
                          10.341
                        ],
                        [
                          10.186,
                          -5.546
                        ]
                      ],
                      "c": true
                    },
                    "ix": 2
                  },
                  "nm": "Path 1",
                  "mn": "ADBE Vector Shape - Group",
                  "hd": false
                },
                {
                  "ty": "tr",
                  "p": {
                    "a": 0,
                    "k": [
                      161.687,
                      35.138
                    ],
                    "ix": 2
                  },
                  "a": {
                    "a": 0,
                    "k": [
                      0,
                      0
                    ],
                    "ix": 1
                  },
                  "s": {
                    "a": 0,
                    "k": [
                      100,
                      100
                    ],
                    "ix": 3
                  },
                  "r": {
                    "a": 0,
                    "k": 0,
                    "ix": 6
                  },
                  "o": {
                    "a": 0,
                    "k": 100,
                    "ix": 7
                  },
                  "sk": {
                    "a": 0,
                    "k": 0,
                    "ix": 4
                  },
                  "sa": {
                    "a": 0,
                    "k": 0,
                    "ix": 5
                  },
                  "nm": "Transform"
                }
              ],
              "nm": "Group 2",
              "np": 2,
              "cix": 2,
              "bm": 0,
              "ix": 2,
              "mn": "ADBE Vector Group",
              "hd": false
            },
            {
              "ty": "gr",
              "it": [
                {
                  "ind": 0,
                  "ty": "sh",
                  "ix": 1,
                  "ks": {
                    "a": 0,
                    "k": {
                      "i": [
                        [
                          -1.998,
                          -4.205
                        ],
                        [
                          3.975,
                          -5.821
                        ],
                        [
                          3.017,
                          5.36
                        ],
                        [
                          -4.146,
                          6.14
                        ]
                      ],
                      "o": [
                        [
                          2.221,
                          4.675
                        ],
                        [
                          -3.229,
                          4.731
                        ],
                        [
                          -1.631,
                          -2.897
                        ],
                        [
                          4.146,
                          -6.139
                        ]
                      ],
                      "v": [
                        [
                          5.422,
                          -7.032
                        ],
                        [
                          5.9,
                          9.998
                        ],
                        [
                          -7.025,
                          9.684
                        ],
                        [
                          -5.729,
                          -8.905
                        ]
                      ],
                      "c": true
                    },
                    "ix": 2
                  },
                  "nm": "Path 1",
                  "mn": "ADBE Vector Shape - Group",
                  "hd": false
                },
                {
                  "ty": "tr",
                  "p": {
                    "a": 0,
                    "k": [
                      118.021,
                      10.429
                    ],
                    "ix": 2
                  },
                  "a": {
                    "a": 0,
                    "k": [
                      0,
                      0
                    ],
                    "ix": 1
                  },
                  "s": {
                    "a": 0,
                    "k": [
                      100,
                      100
                    ],
                    "ix": 3
                  },
                  "r": {
                    "a": 0,
                    "k": 0,
                    "ix": 6
                  },
                  "o": {
                    "a": 0,
                    "k": 100,
                    "ix": 7
                  },
                  "sk": {
                    "a": 0,
                    "k": 0,
                    "ix": 4
                  },
                  "sa": {
                    "a": 0,
                    "k": 0,
                    "ix": 5
                  },
                  "nm": "Transform"
                }
              ],
              "nm": "Group 3",
              "np": 2,
              "cix": 2,
              "bm": 0,
              "ix": 3,
              "mn": "ADBE Vector Group",
              "hd": false
            },
            {
              "ty": "gr",
              "it": [
                {
                  "ind": 0,
                  "ty": "sh",
                  "ix": 1,
                  "ks": {
                    "a": 0,
                    "k": {
                      "i": [
                        [
                          -3.393,
                          -3.188
                        ],
                        [
                          1.58,
                          -6.869
                        ],
                        [
                          4.762,
                          3.891
                        ],
                        [
                          -1.624,
                          7.229
                        ]
                      ],
                      "o": [
                        [
                          3.772,
                          3.544
                        ],
                        [
                          -1.284,
                          5.583
                        ],
                        [
                          -2.575,
                          -2.105
                        ],
                        [
                          1.623,
                          -7.228
                        ]
                      ],
                      "v": [
                        [
                          2.229,
                          -9.542
                        ],
                        [
                          8.881,
                          6.14
                        ],
                        [
                          -3.271,
                          10.56
                        ],
                        [
                          -8.837,
                          -7.223
                        ]
                      ],
                      "c": true
                    },
                    "ix": 2
                  },
                  "nm": "Path 1",
                  "mn": "ADBE Vector Shape - Group",
                  "hd": false
                },
                {
                  "ty": "tr",
                  "p": {
                    "a": 0,
                    "k": [
                      96.16,
                      27.098
                    ],
                    "ix": 2
                  },
                  "a": {
                    "a": 0,
                    "k": [
                      0,
                      0
                    ],
                    "ix": 1
                  },
                  "s": {
                    "a": 0,
                    "k": [
                      100,
                      100
                    ],
                    "ix": 3
                  },
                  "r": {
                    "a": 0,
                    "k": 0,
                    "ix": 6
                  },
                  "o": {
                    "a": 0,
                    "k": 100,
                    "ix": 7
                  },
                  "sk": {
                    "a": 0,
                    "k": 0,
                    "ix": 4
                  },
                  "sa": {
                    "a": 0,
                    "k": 0,
                    "ix": 5
                  },
                  "nm": "Transform"
                }
              ],
              "nm": "Group 4",
              "np": 2,
              "cix": 2,
              "bm": 0,
              "ix": 4,
              "mn": "ADBE Vector Group",
              "hd": false
            },
            {
              "ty": "gr",
              "it": [
                {
                  "ind": 0,
                  "ty": "sh",
                  "ix": 1,
                  "ks": {
                    "a": 0,
                    "k": {
                      "i": [
                        [
                          8.936,
                          7.926
                        ],
                        [
                          2.35,
                          4.213
                        ],
                        [
                          3.928,
                          0.154
                        ],
                        [
                          4.095,
                          -3.906
                        ],
                        [
                          -2.89,
                          -8.781
                        ],
                        [
                          -10.01,
                          -2.767
                        ],
                        [
                          -7.67,
                          -2.135
                        ]
                      ],
                      "o": [
                        [
                          -7.947,
                          -7.05
                        ],
                        [
                          -2.351,
                          -4.213
                        ],
                        [
                          -7.243,
                          -0.284
                        ],
                        [
                          -4.682,
                          4.466
                        ],
                        [
                          2.893,
                          8.785
                        ],
                        [
                          10.01,
                          2.767
                        ],
                        [
                          7.67,
                          2.134
                        ]
                      ],
                      "v": [
                        [
                          21.837,
                          2.114
                        ],
                        [
                          10.19,
                          -10.866
                        ],
                        [
                          -0.616,
                          -18.811
                        ],
                        [
                          -14.862,
                          -7.85
                        ],
                        [
                          -27.883,
                          8.994
                        ],
                        [
                          -1.034,
                          12.52
                        ],
                        [
                          15.37,
                          16.96
                        ]
                      ],
                      "c": true
                    },
                    "ix": 2
                  },
                  "nm": "Path 1",
                  "mn": "ADBE Vector Shape - Group",
                  "hd": false
                },
                {
                  "ty": "tr",
                  "p": {
                    "a": 0,
                    "k": [
                      127.558,
                      51.464
                    ],
                    "ix": 2
                  },
                  "a": {
                    "a": 0,
                    "k": [
                      0,
                      0
                    ],
                    "ix": 1
                  },
                  "s": {
                    "a": 0,
                    "k": [
                      100,
                      100
                    ],
                    "ix": 3
                  },
                  "r": {
                    "a": 0,
                    "k": 0,
                    "ix": 6
                  },
                  "o": {
                    "a": 0,
                    "k": 100,
                    "ix": 7
                  },
                  "sk": {
                    "a": 0,
                    "k": 0,
                    "ix": 4
                  },
                  "sa": {
                    "a": 0,
                    "k": 0,
                    "ix": 5
                  },
                  "nm": "Transform"
                }
              ],
              "nm": "Group 5",
              "np": 2,
              "cix": 2,
              "bm": 0,
              "ix": 5,
              "mn": "ADBE Vector Group",
              "hd": false
            },
            {
              "ty": "st",
              "c": {
                "a": 0,
                "k": [
                  0.247058823529,
                  0.278431372549,
                  0.36862745098,
                  1
                ],
                "ix": 3
              },
              "o": {
                "a": 0,
                "k": 20,
                "ix": 4
              },
              "w": {
                "a": 0,
                "k": 4,
                "ix": 5
              },
              "lc": 2,
              "lj": 1,
              "ml": 4,
              "bm": 0,
              "nm": "Stroke 1",
              "mn": "ADBE Vector Graphic - Stroke",
              "hd": false
            }
          ],
          "ip": 0,
          "op": 110,
          "st": -14,
          "bm": 0
        },
        {
          "ddd": 0,
          "ind": 2,
          "ty": 4,
          "nm": "Layer 1 Outlines 3",
          "sr": 1,
          "ks": {
            "o": {
              "a": 0,
              "k": 100,
              "ix": 11
            },
            "r": {
              "a": 0,
              "k": 0,
              "ix": 10
            },
            "p": {
              "a": 0,
              "k": [
                491.06,
                495.311,
                0
              ],
              "ix": 2
            },
            "a": {
              "a": 0,
              "k": [
                128.35,
                35.958,
                0
              ],
              "ix": 1
            },
            "s": {
              "a": 0,
              "k": [
                185,
                185,
                100
              ],
              "ix": 6
            }
          },
          "ao": 0,
          "shapes": [
            {
              "ty": "gr",
              "it": [
                {
                  "ind": 0,
                  "ty": "sh",
                  "ix": 1,
                  "ks": {
                    "a": 0,
                    "k": {
                      "i": [
                        [
                          8.936,
                          7.926
                        ],
                        [
                          2.35,
                          4.213
                        ],
                        [
                          3.928,
                          0.154
                        ],
                        [
                          4.095,
                          -3.906
                        ],
                        [
                          -2.89,
                          -8.781
                        ],
                        [
                          -10.01,
                          -2.767
                        ],
                        [
                          -7.67,
                          -2.135
                        ]
                      ],
                      "o": [
                        [
                          -7.947,
                          -7.05
                        ],
                        [
                          -2.351,
                          -4.213
                        ],
                        [
                          -7.243,
                          -0.284
                        ],
                        [
                          -4.682,
                          4.466
                        ],
                        [
                          2.893,
                          8.785
                        ],
                        [
                          10.01,
                          2.767
                        ],
                        [
                          7.67,
                          2.134
                        ]
                      ],
                      "v": [
                        [
                          21.837,
                          2.114
                        ],
                        [
                          10.19,
                          -10.866
                        ],
                        [
                          -0.616,
                          -18.811
                        ],
                        [
                          -14.862,
                          -7.85
                        ],
                        [
                          -27.883,
                          8.994
                        ],
                        [
                          -1.034,
                          12.52
                        ],
                        [
                          15.37,
                          16.96
                        ]
                      ],
                      "c": true
                    },
                    "ix": 2
                  },
                  "nm": "Path 1",
                  "mn": "ADBE Vector Shape - Group",
                  "hd": false
                },
                {
                  "ty": "tr",
                  "p": {
                    "a": 0,
                    "k": [
                      127.558,
                      51.464
                    ],
                    "ix": 2
                  },
                  "a": {
                    "a": 0,
                    "k": [
                      0,
                      0
                    ],
                    "ix": 1
                  },
                  "s": {
                    "a": 0,
                    "k": [
                      100,
                      100
                    ],
                    "ix": 3
                  },
                  "r": {
                    "a": 0,
                    "k": 0,
                    "ix": 6
                  },
                  "o": {
                    "a": 0,
                    "k": 100,
                    "ix": 7
                  },
                  "sk": {
                    "a": 0,
                    "k": 0,
                    "ix": 4
                  },
                  "sa": {
                    "a": 0,
                    "k": 0,
                    "ix": 5
                  },
                  "nm": "Transform"
                }
              ],
              "nm": "Group 5",
              "np": 2,
              "cix": 2,
              "bm": 0,
              "ix": 1,
              "mn": "ADBE Vector Group",
              "hd": false
            },
            {
              "ty": "gr",
              "it": [
                {
                  "ind": 0,
                  "ty": "sh",
                  "ix": 1,
                  "ks": {
                    "a": 0,
                    "k": {
                      "i": [
                        [
                          -4.522,
                          2.517
                        ],
                        [
                          0.189,
                          -7.407
                        ],
                        [
                          3.01,
                          -1.412
                        ],
                        [
                          -0.118,
                          5.726
                        ]
                      ],
                      "o": [
                        [
                          4.067,
                          -2.264
                        ],
                        [
                          -0.188,
                          7.405
                        ],
                        [
                          -5.568,
                          2.612
                        ],
                        [
                          0.143,
                          -7.048
                        ]
                      ],
                      "v": [
                        [
                          0.02,
                          -10.496
                        ],
                        [
                          10.186,
                          -5.546
                        ],
                        [
                          0.449,
                          10.341
                        ],
                        [
                          -10.257,
                          3.091
                        ]
                      ],
                      "c": true
                    },
                    "ix": 2
                  },
                  "nm": "Path 1",
                  "mn": "ADBE Vector Shape - Group",
                  "hd": false
                },
                {
                  "ty": "tr",
                  "p": {
                    "a": 0,
                    "k": [
                      161.687,
                      35.138
                    ],
                    "ix": 2
                  },
                  "a": {
                    "a": 0,
                    "k": [
                      0,
                      0
                    ],
                    "ix": 1
                  },
                  "s": {
                    "a": 0,
                    "k": [
                      100,
                      100
                    ],
                    "ix": 3
                  },
                  "r": {
                    "a": 0,
                    "k": 0,
                    "ix": 6
                  },
                  "o": {
                    "a": 0,
                    "k": 100,
                    "ix": 7
                  },
                  "sk": {
                    "a": 0,
                    "k": 0,
                    "ix": 4
                  },
                  "sa": {
                    "a": 0,
                    "k": 0,
                    "ix": 5
                  },
                  "nm": "Transform"
                }
              ],
              "nm": "Group 2",
              "np": 2,
              "cix": 2,
              "bm": 0,
              "ix": 2,
              "mn": "ADBE Vector Group",
              "hd": false
            },
            {
              "ty": "gr",
              "it": [
                {
                  "ind": 0,
                  "ty": "sh",
                  "ix": 1,
                  "ks": {
                    "a": 0,
                    "k": {
                      "i": [
                        [
                          -3.18,
                          4.085
                        ],
                        [
                          -2.72,
                          -6.891
                        ],
                        [
                          2.218,
                          -2.476
                        ],
                        [
                          2.13,
                          5.318
                        ]
                      ],
                      "o": [
                        [
                          2.86,
                          -3.673
                        ],
                        [
                          2.72,
                          6.891
                        ],
                        [
                          -4.105,
                          4.581
                        ],
                        [
                          -2.622,
                          -6.543
                        ]
                      ],
                      "v": [
                        [
                          -3.619,
                          -8.643
                        ],
                        [
                          7.673,
                          -8.059
                        ],
                        [
                          4.917,
                          10.369
                        ],
                        [
                          -7.77,
                          7.879
                        ]
                      ],
                      "c": true
                    },
                    "ix": 2
                  },
                  "nm": "Path 1",
                  "mn": "ADBE Vector Shape - Group",
                  "hd": false
                },
                {
                  "ty": "tr",
                  "p": {
                    "a": 0,
                    "k": [
                      141.398,
                      15.951
                    ],
                    "ix": 2
                  },
                  "a": {
                    "a": 0,
                    "k": [
                      0,
                      0
                    ],
                    "ix": 1
                  },
                  "s": {
                    "a": 0,
                    "k": [
                      100,
                      100
                    ],
                    "ix": 3
                  },
                  "r": {
                    "a": 0,
                    "k": 0,
                    "ix": 6
                  },
                  "o": {
                    "a": 0,
                    "k": 100,
                    "ix": 7
                  },
                  "sk": {
                    "a": 0,
                    "k": 0,
                    "ix": 4
                  },
                  "sa": {
                    "a": 0,
                    "k": 0,
                    "ix": 5
                  },
                  "nm": "Transform"
                }
              ],
              "nm": "Group 1",
              "np": 1,
              "cix": 2,
              "bm": 0,
              "ix": 3,
              "mn": "ADBE Vector Group",
              "hd": false
            },
            {
              "ty": "gr",
              "it": [
                {
                  "ind": 0,
                  "ty": "sh",
                  "ix": 1,
                  "ks": {
                    "a": 0,
                    "k": {
                      "i": [
                        [
                          2.221,
                          4.675
                        ],
                        [
                          4.146,
                          -6.139
                        ],
                        [
                          -1.631,
                          -2.897
                        ],
                        [
                          -3.229,
                          4.731
                        ]
                      ],
                      "o": [
                        [
                          -1.998,
                          -4.205
                        ],
                        [
                          -4.146,
                          6.14
                        ],
                        [
                          3.017,
                          5.36
                        ],
                        [
                          3.975,
                          -5.821
                        ]
                      ],
                      "v": [
                        [
                          5.422,
                          -7.032
                        ],
                        [
                          -5.729,
                          -8.905
                        ],
                        [
                          -7.025,
                          9.684
                        ],
                        [
                          5.9,
                          9.998
                        ]
                      ],
                      "c": true
                    },
                    "ix": 2
                  },
                  "nm": "Path 1",
                  "mn": "ADBE Vector Shape - Group",
                  "hd": false
                },
                {
                  "ty": "tr",
                  "p": {
                    "a": 0,
                    "k": [
                      118.021,
                      10.429
                    ],
                    "ix": 2
                  },
                  "a": {
                    "a": 0,
                    "k": [
                      0,
                      0
                    ],
                    "ix": 1
                  },
                  "s": {
                    "a": 0,
                    "k": [
                      100,
                      100
                    ],
                    "ix": 3
                  },
                  "r": {
                    "a": 0,
                    "k": 0,
                    "ix": 6
                  },
                  "o": {
                    "a": 0,
                    "k": 100,
                    "ix": 7
                  },
                  "sk": {
                    "a": 0,
                    "k": 0,
                    "ix": 4
                  },
                  "sa": {
                    "a": 0,
                    "k": 0,
                    "ix": 5
                  },
                  "nm": "Transform"
                }
              ],
              "nm": "Group 3",
              "np": 2,
              "cix": 2,
              "bm": 0,
              "ix": 4,
              "mn": "ADBE Vector Group",
              "hd": false
            },
            {
              "ty": "gr",
              "it": [
                {
                  "ind": 0,
                  "ty": "sh",
                  "ix": 1,
                  "ks": {
                    "a": 0,
                    "k": {
                      "i": [
                        [
                          3.772,
                          3.544
                        ],
                        [
                          1.623,
                          -7.228
                        ],
                        [
                          -2.575,
                          -2.105
                        ],
                        [
                          -1.284,
                          5.583
                        ]
                      ],
                      "o": [
                        [
                          -3.393,
                          -3.188
                        ],
                        [
                          -1.624,
                          7.229
                        ],
                        [
                          4.762,
                          3.891
                        ],
                        [
                          1.58,
                          -6.869
                        ]
                      ],
                      "v": [
                        [
                          2.229,
                          -9.542
                        ],
                        [
                          -8.837,
                          -7.223
                        ],
                        [
                          -3.271,
                          10.56
                        ],
                        [
                          8.881,
                          6.14
                        ]
                      ],
                      "c": true
                    },
                    "ix": 2
                  },
                  "nm": "Path 1",
                  "mn": "ADBE Vector Shape - Group",
                  "hd": false
                },
                {
                  "ty": "tr",
                  "p": {
                    "a": 0,
                    "k": [
                      96.16,
                      27.098
                    ],
                    "ix": 2
                  },
                  "a": {
                    "a": 0,
                    "k": [
                      0,
                      0
                    ],
                    "ix": 1
                  },
                  "s": {
                    "a": 0,
                    "k": [
                      100,
                      100
                    ],
                    "ix": 3
                  },
                  "r": {
                    "a": 0,
                    "k": 0,
                    "ix": 6
                  },
                  "o": {
                    "a": 0,
                    "k": 100,
                    "ix": 7
                  },
                  "sk": {
                    "a": 0,
                    "k": 0,
                    "ix": 4
                  },
                  "sa": {
                    "a": 0,
                    "k": 0,
                    "ix": 5
                  },
                  "nm": "Transform"
                }
              ],
              "nm": "Group 4",
              "np": 2,
              "cix": 2,
              "bm": 0,
              "ix": 5,
              "mn": "ADBE Vector Group",
              "hd": false
            },
            {
              "ty": "tm",
              "s": {
                "a": 1,
                "k": [
                  {
                    "i": {
                      "x": [
                        0.33
                      ],
                      "y": [
                        1
                      ]
                    },
                    "o": {
                      "x": [
                        0.67
                      ],
                      "y": [
                        0
                      ]
                    },
                    "t": 0,
                    "s": [
                      100
                    ]
                  },
                  {
                    "i": {
                      "x": [
                        0.33
                      ],
                      "y": [
                        1
                      ]
                    },
                    "o": {
                      "x": [
                        0.67
                      ],
                      "y": [
                        0
                      ]
                    },
                    "t": 25.49,
                    "s": [
                      0
                    ]
                  },
                  {
                    "i": {
                      "x": [
                        0.33
                      ],
                      "y": [
                        1
                      ]
                    },
                    "o": {
                      "x": [
                        0.67
                      ],
                      "y": [
                        0
                      ]
                    },
                    "t": 52.255,
                    "s": [
                      0
                    ]
                  },
                  {
                    "i": {
                      "x": [
                        0.33
                      ],
                      "y": [
                        1
                      ]
                    },
                    "o": {
                      "x": [
                        0.67
                      ],
                      "y": [
                        0
                      ]
                    },
                    "t": 77.745,
                    "s": [
                      100
                    ]
                  },
                  {
                    "t": 99,
                    "s": [
                      100
                    ]
                  }
                ],
                "ix": 1
              },
              "e": {
                "a": 0,
                "k": 100,
                "ix": 2
              },
              "o": {
                "a": 0,
                "k": 0,
                "ix": 3
              },
              "m": 2,
              "ix": 6,
              "nm": "Trim Paths 1",
              "mn": "ADBE Vector Filter - Trim",
              "hd": false
            },
            {
              "ty": "st",
              "c": {
                "a": 0,
                "k": [
                  0.335901596967,
                  0.384827707328,
                  0.525490196078,
                  1
                ],
                "ix": 3
              },
              "o": {
                "a": 0,
                "k": 100,
                "ix": 4
              },
              "w": {
                "a": 0,
                "k": 4,
                "ix": 5
              },
              "lc": 2,
              "lj": 1,
              "ml": 4,
              "bm": 0,
              "nm": "Stroke 1",
              "mn": "ADBE Vector Graphic - Stroke",
              "hd": false
            }
          ],
          "ip": 0,
          "op": 110,
          "st": -14,
          "bm": 0
        }
      ]
    }
  ],
  "layers": [
    {
      "ddd": 0,
      "ind": 1,
      "ty": 0,
      "nm": "Pre-comp 1",
      "refId": "comp_0",
      "sr": 1,
      "ks": {
        "o": {
          "a": 0,
          "k": 100,
          "ix": 11
        },
        "r": {
          "a": 0,
          "k": 0,
          "ix": 10
        },
        "p": {
          "a": 0,
          "k": [
            500,
            500,
            0
          ],
          "ix": 2
        },
        "a": {
          "a": 0,
          "k": [
            500,
            500,
            0
          ],
          "ix": 1
        },
        "s": {
          "a": 0,
          "k": [
            326,
            326,
            100
          ],
          "ix": 6
        }
      },
      "ao": 0,
      "tm": {
        "a": 1,
        "k": [
          {
            "i": {
              "x": [
                0.833
              ],
              "y": [
                0.833
              ]
            },
            "o": {
              "x": [
                0.167
              ],
              "y": [
                0.167
              ]
            },
            "t": 0,
            "s": [
              0
            ]
          },
          {
            "t": 79,
            "s": [
              2.633
            ]
          }
        ],
        "ix": 2,
        "x": "var $bm_rt;\n$bm_rt = loopOut('cycle', 0);"
      },
      "w": 1000,
      "h": 1000,
      "ip": 0,
      "op": 615,
      "st": 0,
      "bm": 0
    }
  ],
  "markers": []
}